text,aspect,label,text_en
"Le concert était incroyable, le son était propre et le public à fond, mais c'était interminable et il faisait trop chaud.",ambiance,positive,"Das Konzert war unglaublich, der Sound war sauber und das Publikum laut, aber es war endlos und es war zu heiß."
"Le concert était incroyable, le son était propre et le public à fond, mais c'était interminable et il faisait trop chaud.",durée,negative,"Das Konzert war unglaublich, der Sound war sauber und das Publikum laut, aber es war endlos und es war zu heiß."
"Le resto est hyper sympa, la déco est stylée et le personnel adorable, par contre les portions sont minuscules et l’addition fait mal.",service,positive,"Das Restaurant ist super schön, die Einrichtung ist stilvoll und das Personal bezaubernd, allerdings sind die Portionen winzig und die Rechnung ist teuer."
"Le resto est hyper sympa, la déco est stylée et le personnel adorable, par contre les portions sont minuscules et l’addition fait mal.",prix,negative,"Das Restaurant ist super schön, die Einrichtung ist stilvoll und das Personal bezaubernd, allerdings sind die Portionen winzig und die Rechnung ist teuer."
"J’ai adoré le cours, le prof explique bien et les exemples sont clairs, mais c’est beaucoup trop dense.",pédagogie,positive,"Der Kurs hat mir gut gefallen, der Lehrer erklärt gut und die Beispiele sind klar, aber er ist viel zu dicht."
"J’ai adoré le cours, le prof explique bien et les exemples sont clairs, mais c’est beaucoup trop dense.",charge,negative,"Der Kurs hat mir gut gefallen, der Lehrer erklärt gut und die Beispiele sind klar, aber er ist viel zu dicht."
"Le voyage était génial, paysages magnifiques et gens accueillants, mais les transports étaient une galère.",paysages,positive,"Die Reise war großartig, wunderschöne Landschaften und freundliche Menschen, aber der Transport war mühsam."
"Le voyage était génial, paysages magnifiques et gens accueillants, mais les transports étaient une galère.",transports,negative,"Die Reise war großartig, wunderschöne Landschaften und freundliche Menschen, aber der Transport war mühsam."
"La soirée était cool, bonne musique et ambiance détendue, sauf que c’était mal organisé.",musique,positive,"Der Abend war cool, gute Musik und entspannte Atmosphäre, nur dass er schlecht organisiert war."
"La soirée était cool, bonne musique et ambiance détendue, sauf que c’était mal organisé.",organisation,negative,"Der Abend war cool, gute Musik und entspannte Atmosphäre, nur dass er schlecht organisiert war."
"Le projet est intéressant et le sujet pertinent, mais les consignes sont floues.",contenu,positive,"Das Projekt ist interessant und das Thema relevant, aber die Anweisungen sind vage."
"Le projet est intéressant et le sujet pertinent, mais les consignes sont floues.",consignes,negative,"Das Projekt ist interessant und das Thema relevant, aber die Anweisungen sind vage."
"J’aime bien l’appli, l’interface est propre et intuitive, mais elle bug tout le temps.",interface,positive,"Ich mag die App, die Benutzeroberfläche ist sauber und intuitiv, aber es gibt ständig Störungen."
"J’aime bien l’appli, l’interface est propre et intuitive, mais elle bug tout le temps.",stabilité,negative,"Ich mag die App, die Benutzeroberfläche ist sauber und intuitiv, aber es gibt ständig Störungen."
"Le film est prenant, l’histoire est touchante, mais la fin est bâclée.",scénario,positive,"Der Film ist packend, die Geschichte rührend, aber das Ende ist verpatzt."
"Le film est prenant, l’histoire est touchante, mais la fin est bâclée.",fin,negative,"Der Film ist packend, die Geschichte rührend, aber das Ende ist verpatzt."
"Le boulot est intéressant, j’apprends beaucoup et l’équipe est sympa, mais la pression est constante.",équipe,positive,"Der Job ist interessant, ich lerne viel und das Team ist nett, aber der Druck ist konstant."
"Le boulot est intéressant, j’apprends beaucoup et l’équipe est sympa, mais la pression est constante.",pression,negative,"Der Job ist interessant, ich lerne viel und das Team ist nett, aber der Druck ist konstant."
"Le quartier est agréable, calme et bien desservi, mais les loyers sont abusés.",cadre de vie,positive,"Die Gegend ist angenehm, ruhig und gut erschlossen, aber die Mieten sind überhöht."
"Le quartier est agréable, calme et bien desservi, mais les loyers sont abusés.",loyer,negative,"Die Gegend ist angenehm, ruhig und gut erschlossen, aber die Mieten sind überhöht."
"La formation est bien construite et tu montes vite en compétences, sauf que c’est trop théorique.",structure,positive,"Das Training ist gut aufgebaut und man verbessert seine Fähigkeiten schnell, nur dass es zu theoretisch ist."
"La formation est bien construite et tu montes vite en compétences, sauf que c’est trop théorique.",pratique,negative,"Das Training ist gut aufgebaut und man verbessert seine Fähigkeiten schnell, nur dass es zu theoretisch ist."
"Le café est bon et l’endroit cosy, mais c’est blindé et le service est lent.",qualité,positive,"Der Kaffee ist gut und der Ort ist gemütlich, aber es ist voll und der Service ist langsam."
"Le café est bon et l’endroit cosy, mais c’est blindé et le service est lent.",service,negative,"Der Kaffee ist gut und der Ort ist gemütlich, aber es ist voll und der Service ist langsam."
"Le jeu est addictif, le gameplay fluide, mais trop de micro-transactions.",gameplay,positive,"Das Spiel macht süchtig, das Gameplay ist flüssig, aber es gibt zu viele Mikrotransaktionen."
"Le jeu est addictif, le gameplay fluide, mais trop de micro-transactions.",monétisation,negative,"Das Spiel macht süchtig, das Gameplay ist flüssig, aber es gibt zu viele Mikrotransaktionen."
"Le stage est formateur et tu touches à des dossiers concrets, par contre l’encadrement est faible.",apprentissage,positive,"Das Praktikum ist lehrreich und man beschäftigt sich mit konkreten Fragestellungen, allerdings ist die Betreuung schwach."
"Le stage est formateur et tu touches à des dossiers concrets, par contre l’encadrement est faible.",encadrement,negative,"Das Praktikum ist lehrreich und man beschäftigt sich mit konkreten Fragestellungen, allerdings ist die Betreuung schwach."
"La ville est superbe et culturellement riche, mais c’est cher et bondé de touristes.",culture,positive,"Die Stadt ist wunderschön und kulturell reich, aber sie ist teuer und voller Touristen."
"La ville est superbe et culturellement riche, mais c’est cher et bondé de touristes.",coût de la vie,negative,"Die Stadt ist wunderschön und kulturell reich, aber sie ist teuer und voller Touristen."
"Le débat était intéressant et faisait réfléchir, mais ça tournait en rond.",qualité des échanges,positive,"Die Debatte war interessant und regte zum Nachdenken an, aber sie drehte sich im Kreis."
"Le débat était intéressant et faisait réfléchir, mais ça tournait en rond.",dynamique,negative,"Die Debatte war interessant und regte zum Nachdenken an, aber sie drehte sich im Kreis."
"Le produit est bien pensé et répond à un vrai besoin, sauf que la prise en main est compliquée.",fonctionnalités,positive,"Das Produkt ist gut durchdacht und erfüllt einen echten Bedarf, nur dass die Handhabung kompliziert ist."
"Le produit est bien pensé et répond à un vrai besoin, sauf que la prise en main est compliquée.",ergonomie,negative,"Das Produkt ist gut durchdacht und erfüllt einen echten Bedarf, nur dass die Handhabung kompliziert ist."
"Le prof est passionnant et on ne s’ennuie pas, mais les contrôles sont incohérents.",enseignement,positive,"Der Lehrer ist faszinierend und wir langweilen uns nicht, aber die Tests sind inkonsistent."
"Le prof est passionnant et on ne s’ennuie pas, mais les contrôles sont incohérents.",évaluation,negative,"Der Lehrer ist faszinierend und wir langweilen uns nicht, aber die Tests sind inkonsistent."
"La réunion était efficace et on est sortis avec un plan, mais c’était trop long.",décisions,positive,"Das Treffen war effektiv und wir haben einen Plan entwickelt, aber es hat zu lange gedauert."
"La réunion était efficace et on est sortis avec un plan, mais c’était trop long.",durée,negative,"Das Treffen war effektiv und wir haben einen Plan entwickelt, aber es hat zu lange gedauert."
"Le service est rapide et les démarches simples, mais le contact est froid.",rapidité,positive,"Der Service ist schnell und die Abläufe einfach, aber der Kontakt ist kalt."
"Le service est rapide et les démarches simples, mais le contact est froid.",relation client,negative,"Der Service ist schnell und die Abläufe einfach, aber der Kontakt ist kalt."
"Le livre est bien écrit avec des idées brillantes, mais il y a des longueurs.",style,positive,"Das Buch ist gut geschrieben mit brillanten Ideen, aber es gibt Längen."
"Le livre est bien écrit avec des idées brillantes, mais il y a des longueurs.",rythme,negative,"Das Buch ist gut geschrieben mit brillanten Ideen, aber es gibt Längen."
"L’événement est riche avec des intervenants intéressants, mais l’organisation est bancale.",contenu,positive,"Die Veranstaltung ist reich an interessanten Rednern, aber die Organisation ist wackelig."
"L’événement est riche avec des intervenants intéressants, mais l’organisation est bancale.",organisation,negative,"Die Veranstaltung ist reich an interessanten Rednern, aber die Organisation ist wackelig."
"Le logiciel est puissant et très complet, mais lent au démarrage.",fonctionnalités,positive,"Die Software ist leistungsstark und sehr vollständig, startet jedoch langsam."
"Le logiciel est puissant et très complet, mais lent au démarrage.",performance,negative,"Die Software ist leistungsstark und sehr vollständig, startet jedoch langsam."
"Le cours en ligne est pratique et flexible, mais la motivation retombe vite.",flexibilité,positive,"Der Online-Kurs ist praxisnah und flexibel, allerdings lässt die Motivation schnell nach."
"Le cours en ligne est pratique et flexible, mais la motivation retombe vite.",engagement,negative,"Der Online-Kurs ist praxisnah und flexibel, allerdings lässt die Motivation schnell nach."
"Le bar est sympa, bonne ambiance et prix corrects, mais trop bruyant.",ambiance,positive,"Die Bar ist schön, gute Atmosphäre und faire Preise, aber zu laut."
"Le bar est sympa, bonne ambiance et prix corrects, mais trop bruyant.",bruit,negative,"Die Bar ist schön, gute Atmosphäre und faire Preise, aber zu laut."
"Le projet est ambitieux avec un potentiel énorme, mais les délais sont irréalistes.",potentiel,positive,"Das Projekt ist ehrgeizig und bietet enormes Potenzial, aber die Fristen sind unrealistisch."
"Le projet est ambitieux avec un potentiel énorme, mais les délais sont irréalistes.",planning,negative,"Das Projekt ist ehrgeizig und bietet enormes Potenzial, aber die Fristen sind unrealistisch."
"La plateforme est utile et fait gagner du temps, mais l’interface est moche.",utilité,positive,"Die Plattform ist nützlich und spart Zeit, aber die Schnittstelle ist hässlich."
"La plateforme est utile et fait gagner du temps, mais l’interface est moche.",interface,negative,"Die Plattform ist nützlich und spart Zeit, aber die Schnittstelle ist hässlich."
"Le voyage en groupe était convivial et on a bien rigolé, mais zéro liberté dans le planning.",convivialité,positive,"Die Gruppenreise verlief freundlich und wir hatten viel Spaß, aber keine Freiheit bei der Planung."
"Le voyage en groupe était convivial et on a bien rigolé, mais zéro liberté dans le planning.",liberté,negative,"Die Gruppenreise verlief freundlich und wir hatten viel Spaß, aber keine Freiheit bei der Planung."
"Le travail est valorisant et on se sent utile, mais la reconnaissance est faible.",sens du travail,positive,"Die Arbeit ist lohnend und wir fühlen uns nützlich, aber die Anerkennung ist gering."
"Le travail est valorisant et on se sent utile, mais la reconnaissance est faible.",reconnaissance,negative,"Die Arbeit ist lohnend und wir fühlen uns nützlich, aber die Anerkennung ist gering."
"Le concept est moderne et répond à un besoin réel, mais l’exécution est maladroite.",idée,positive,"Das Konzept ist modern und entspricht einem echten Bedürfnis, die Umsetzung ist jedoch schwerfällig."
"Le concept est moderne et répond à un besoin réel, mais l’exécution est maladroite.",exécution,negative,"Das Konzept ist modern und entspricht einem echten Bedürfnis, die Umsetzung ist jedoch schwerfällig."
"Le bar est sympa et l’ambiance est cool, mais le service est lent.",ambiance,positive,"Die Bar ist schön und die Atmosphäre ist cool, aber der Service ist langsam."
"Le bar est sympa et l’ambiance est cool, mais le service est lent.",service,negative,"Die Bar ist schön und die Atmosphäre ist cool, aber der Service ist langsam."
"Le cours est intéressant et clair, mais les examens sont injustes.",contenu,positive,"Der Kurs ist interessant und übersichtlich, aber die Prüfungen sind unfair."
"Le cours est intéressant et clair, mais les examens sont injustes.",évaluation,negative,"Der Kurs ist interessant und übersichtlich, aber die Prüfungen sind unfair."
"Le téléphone est fluide et rapide, mais la batterie ne tient pas.",performance,positive,"Das Telefon ist flüssig und schnell, aber der Akku hält nicht durch."
"Le téléphone est fluide et rapide, mais la batterie ne tient pas.",batterie,negative,"Das Telefon ist flüssig und schnell, aber der Akku hält nicht durch."
"Le resto est chaleureux et la déco est belle, mais les plats sont fades.",décoration,positive,"Das Restaurant ist warm und die Einrichtung ist wunderschön, aber die Gerichte sind langweilig."
"Le resto est chaleureux et la déco est belle, mais les plats sont fades.",qualité des plats,negative,"Das Restaurant ist warm und die Einrichtung ist wunderschön, aber die Gerichte sind langweilig."
"Le projet est ambitieux et l’idée est bonne, mais l’exécution est bancale.",idée,positive,"Das Projekt ist ehrgeizig und die Idee gut, aber die Umsetzung wackelt."
"Le projet est ambitieux et l’idée est bonne, mais l’exécution est bancale.",exécution,negative,"Das Projekt ist ehrgeizig und die Idee gut, aber die Umsetzung wackelt."
"La ville est magnifique et culturelle, mais la vie est hors de prix.",cadre de vie,positive,"Die Stadt ist schön und kulturell, aber das Leben ist teuer."
"La ville est magnifique et culturelle, mais la vie est hors de prix.",coût de la vie,negative,"Die Stadt ist schön und kulturell, aber das Leben ist teuer."
"L’équipe est motivée et l’ambiance est saine, mais la charge est énorme.",ambiance d’équipe,positive,"Das Team ist motiviert und die Atmosphäre ist gesund, aber die Belastung ist enorm."
"L’équipe est motivée et l’ambiance est saine, mais la charge est énorme.",charge de travail,negative,"Das Team ist motiviert und die Atmosphäre ist gesund, aber die Belastung ist enorm."
"Le site est clair et pratique, mais il bug souvent.",ergonomie,positive,"Die Seite ist übersichtlich und praktisch, weist jedoch häufig Fehler auf."
"Le site est clair et pratique, mais il bug souvent.",stabilité,negative,"Die Seite ist übersichtlich und praktisch, weist jedoch häufig Fehler auf."
"Le film est bien joué et les acteurs sont convaincants, mais le scénario est prévisible.",jeu d’acteurs,positive,"Der Film ist gut gespielt und die Schauspieler überzeugen, das Szenario ist jedoch vorhersehbar."
"Le film est bien joué et les acteurs sont convaincants, mais le scénario est prévisible.",scénario,negative,"Der Film ist gut gespielt und die Schauspieler überzeugen, das Szenario ist jedoch vorhersehbar."
"La formation est solide et on apprend beaucoup, mais c’est trop théorique.",contenu,positive,"Die Ausbildung ist solide und wir lernen viel, aber es ist zu theoretisch."
"La formation est solide et on apprend beaucoup, mais c’est trop théorique.",pratique,negative,"Die Ausbildung ist solide und wir lernen viel, aber es ist zu theoretisch."
"Le service client est poli et réactif, mais il ne règle pas le problème.",réactivité,positive,"Der Kundenservice ist höflich und reaktionsschnell, löst das Problem jedoch nicht."
"Le service client est poli et réactif, mais il ne règle pas le problème.",efficacité,negative,"Der Kundenservice ist höflich und reaktionsschnell, löst das Problem jedoch nicht."
"L’hôtel est propre et bien situé, mais les chambres sont minuscules.",propreté,positive,"Das Hotel ist sauber und gut gelegen, aber die Zimmer sind winzig."
"L’hôtel est propre et bien situé, mais les chambres sont minuscules.",taille des chambres,negative,"Das Hotel ist sauber und gut gelegen, aber die Zimmer sind winzig."
"Le logiciel est puissant et complet, mais il est lent au démarrage.",fonctionnalités,positive,"Die Software ist leistungsstark und vollständig, startet jedoch langsam."
"Le logiciel est puissant et complet, mais il est lent au démarrage.",performance,negative,"Die Software ist leistungsstark und vollständig, startet jedoch langsam."
"La soirée était fun et on a bien rigolé, mais l’organisation était catastrophique.",ambiance,positive,"Der Abend war lustig und wir haben viel gelacht, aber die Organisation war katastrophal."
"La soirée était fun et on a bien rigolé, mais l’organisation était catastrophique.",organisation,negative,"Der Abend war lustig und wir haben viel gelacht, aber die Organisation war katastrophal."
"Le cours en ligne est flexible et pratique, mais on décroche vite.",flexibilité,positive,"Der Online-Kurs ist flexibel und praxisorientiert, allerdings verirrt man sich schnell."
"Le cours en ligne est flexible et pratique, mais on décroche vite.",engagement,negative,"Der Online-Kurs ist flexibel und praxisorientiert, allerdings verirrt man sich schnell."
"Le produit est esthétique et moderne, mais il manque de fiabilité.",design,positive,"Das Produkt ist ästhetisch und modern, aber es mangelt ihm an Zuverlässigkeit."
"Le produit est esthétique et moderne, mais il manque de fiabilité.",fiabilité,negative,"Das Produkt ist ästhetisch und modern, aber es mangelt ihm an Zuverlässigkeit."
"Le quartier est calme et agréable, mais mal desservi.",cadre,positive,"Das Viertel ist ruhig und angenehm, aber schlecht erschlossen."
"Le quartier est calme et agréable, mais mal desservi.",transports,negative,"Das Viertel ist ruhig und angenehm, aber schlecht erschlossen."
"Le stage est formateur et intéressant, mais l’encadrement est absent.",apprentissage,positive,"Der Kurs ist lehrreich und interessant, aber die Betreuung mangelt."
"Le stage est formateur et intéressant, mais l’encadrement est absent.",encadrement,negative,"Der Kurs ist lehrreich und interessant, aber die Betreuung mangelt."
"Le jeu est immersif et beau, mais il est plein de bugs.",graphismes,positive,"Das Spiel ist fesselnd und schön, aber voller Fehler."
"Le jeu est immersif et beau, mais il est plein de bugs.",stabilité,negative,"Das Spiel ist fesselnd und schön, aber voller Fehler."
"Le café est bon et l’endroit est cosy, mais c’est toujours bondé.",qualité,positive,"Der Kaffee ist gut und der Ort ist gemütlich, aber es ist immer voll."
"Le café est bon et l’endroit est cosy, mais c’est toujours bondé.",affluence,negative,"Der Kaffee ist gut und der Ort ist gemütlich, aber es ist immer voll."
"Le débat était pertinent et enrichissant, mais il tournait en rond.",contenu,positive,"Die Debatte war relevant und bereichernd, aber sie drehte sich im Kreis."
"Le débat était pertinent et enrichissant, mais il tournait en rond.",dynamique,negative,"Die Debatte war relevant und bereichernd, aber sie drehte sich im Kreis."
"La plateforme est utile et fait gagner du temps, mais l’interface est confuse.",utilité,positive,"Die Plattform ist nützlich und spart Zeit, aber die Benutzeroberfläche ist verwirrend."
"La plateforme est utile et fait gagner du temps, mais l’interface est confuse.",interface,negative,"Die Plattform ist nützlich und spart Zeit, aber die Benutzeroberfläche ist verwirrend."
"Le voyage était agréable et dépaysant, mais trop de temps perdu en transport.",expérience,positive,"Die Reise war angenehm und exotisch, aber es wurde zu viel Zeit mit dem Transport verschwendet."
"Le voyage était agréable et dépaysant, mais trop de temps perdu en transport.",transports,negative,"Die Reise war angenehm und exotisch, aber es wurde zu viel Zeit mit dem Transport verschwendet."
"Le livre est bien écrit et original, mais il y a des longueurs.",style,positive,"Das Buch ist gut geschrieben und originell, aber es gibt Längen."
"Le livre est bien écrit et original, mais il y a des longueurs.",rythme,negative,"Das Buch ist gut geschrieben und originell, aber es gibt Längen."
"Le service est rapide et efficace, mais le personnel est froid.",rapidité,positive,"Der Service ist schnell und effizient, aber das Personal ist kalt."
"Le service est rapide et efficace, mais le personnel est froid.",relation client,negative,"Der Service ist schnell und effizient, aber das Personal ist kalt."
"Le concert était intense et l’ambiance incroyable, mais le son était mal réglé.",ambiance,positive,"Das Konzert war intensiv und die Atmosphäre unglaublich, aber der Ton war schlecht reguliert."
"Le concert était intense et l’ambiance incroyable, mais le son était mal réglé.",qualité sonore,negative,"Das Konzert war intensiv und die Atmosphäre unglaublich, aber der Ton war schlecht reguliert."
"Le produit est simple et abordable, mais il tombe souvent en panne.",prix,positive,"Das Produkt ist einfach und erschwinglich, aber es geht oft kaputt."
"Le produit est simple et abordable, mais il tombe souvent en panne.",fiabilité,negative,"Das Produkt ist einfach und erschwinglich, aber es geht oft kaputt."
"Le travail est intéressant et valorisant, mais les perspectives sont faibles.",intérêt,positive,"Die Arbeit ist interessant und lohnend, aber die Aussichten sind schlecht."
"Le travail est intéressant et valorisant, mais les perspectives sont faibles.",évolution,negative,"Die Arbeit ist interessant und lohnend, aber die Aussichten sind schlecht."
"La réunion était productive et claire, mais beaucoup trop longue.",efficacité,positive,"Das Treffen war produktiv und klar, aber viel zu lang."
"La réunion était productive et claire, mais beaucoup trop longue.",durée,negative,"Das Treffen war produktiv und klar, aber viel zu lang."
"Le film est visuellement magnifique, mais l’histoire est creuse.",visuel,positive,"Der Film ist visuell atemberaubend, aber die Geschichte ist hohl."
"Le film est visuellement magnifique, mais l’histoire est creuse.",scénario,negative,"Der Film ist visuell atemberaubend, aber die Geschichte ist hohl."
"Le site est agréable à lire, mais il met trop de temps à charger.",design,positive,"Die Seite ist angenehm zu lesen, aber das Laden dauert zu lange."
"Le site est agréable à lire, mais il met trop de temps à charger.",performance,negative,"Die Seite ist angenehm zu lesen, aber das Laden dauert zu lange."
"Le cours est bien organisé et clair, mais le rythme est trop rapide.",structure,positive,"Der Kurs ist gut organisiert und übersichtlich, aber das Tempo ist zu hoch."
"Le cours est bien organisé et clair, mais le rythme est trop rapide.",rythme,negative,"Der Kurs ist gut organisiert und übersichtlich, aber das Tempo ist zu hoch."
"Le service est accueillant et sympathique, mais désorganisé.",accueil,positive,"Der Service ist herzlich und freundlich, aber unorganisiert."
"Le service est accueillant et sympathique, mais désorganisé.",organisation,negative,"Der Service ist herzlich und freundlich, aber unorganisiert."
"Le projet est prometteur et innovant, mais mal financé.",innovation,positive,"Das Projekt ist vielversprechend und innovativ, aber schlecht finanziert."
"Le projet est prometteur et innovant, mais mal financé.",financement,negative,"Das Projekt ist vielversprechend und innovativ, aber schlecht finanziert."
"La ville est dynamique et culturelle, mais bruyante et stressante.",vie culturelle,positive,"Die Stadt ist dynamisch und kulturell, aber auch laut und stressig."
"La ville est dynamique et culturelle, mais bruyante et stressante.",bruit,negative,"Die Stadt ist dynamisch und kulturell, aber auch laut und stressig."
"Le restaurant est convivial et chaleureux, mais les portions sont minuscules.",ambiance,positive,"Das Restaurant ist freundlich und warm, aber die Portionen sind winzig."
"Le restaurant est convivial et chaleureux, mais les portions sont minuscules.",quantité,negative,"Das Restaurant ist freundlich und warm, aber die Portionen sind winzig."
"L’application est intuitive et moderne, mais consomme trop de batterie.",ergonomie,positive,"Die Anwendung ist intuitiv und modern, verbraucht aber zu viel Akku."
"L’application est intuitive et moderne, mais consomme trop de batterie.",batterie,negative,"Die Anwendung ist intuitiv und modern, verbraucht aber zu viel Akku."
"Le film est drôle et divertissant, mais vite oubliable.",divertissement,positive,"Der Film ist lustig und unterhaltsam, aber schnell vergessen."
"Le film est drôle et divertissant, mais vite oubliable.",impact,negative,"Der Film ist lustig und unterhaltsam, aber schnell vergessen."
"Le service est fiable et rapide, mais le suivi est inexistant.",fiabilité,positive,"Der Service ist zuverlässig und schnell, aber die Nachverfolgung ist nicht vorhanden."
"Le service est fiable et rapide, mais le suivi est inexistant.",suivi,negative,"Der Service ist zuverlässig und schnell, aber die Nachverfolgung ist nicht vorhanden."
"Le voyage était confortable et bien organisé, mais sans liberté.",confort,positive,"Die Reise war komfortabel und gut organisiert, aber ohne Freiheit."
"Le voyage était confortable et bien organisé, mais sans liberté.",liberté,negative,"Die Reise war komfortabel und gut organisiert, aber ohne Freiheit."
"Le jeu est addictif et bien conçu, mais la progression est frustrante.",gameplay,positive,"Das Spiel macht süchtig und ist gut gestaltet, aber der Fortschritt ist frustrierend."
"Le jeu est addictif et bien conçu, mais la progression est frustrante.",progression,negative,"Das Spiel macht süchtig und ist gut gestaltet, aber der Fortschritt ist frustrierend."
"Le bar est bien situé et agréable, mais beaucoup trop cher.",emplacement,positive,"Die Bar ist gut gelegen und schön, aber viel zu teuer."
"Le bar est bien situé et agréable, mais beaucoup trop cher.",prix,negative,"Die Bar ist gut gelegen und schön, aber viel zu teuer."
"Le cours est passionnant et vivant, mais les évaluations sont incohérentes.",enseignement,positive,"Der Kurs ist spannend und lebendig, die Bewertungen sind jedoch uneinheitlich."
"Le cours est passionnant et vivant, mais les évaluations sont incohérentes.",évaluation,negative,"Der Kurs ist spannend und lebendig, die Bewertungen sind jedoch uneinheitlich."
"Le logiciel est complet et puissant, mais difficile à prendre en main.",fonctionnalités,positive,"Die Software ist vollständig und leistungsstark, aber schwierig zu bedienen."
"Le logiciel est complet et puissant, mais difficile à prendre en main.",prise en main,negative,"Die Software ist vollständig und leistungsstark, aber schwierig zu bedienen."
"La soirée était animée et festive, mais trop bruyante.",ambiance,positive,"Der Abend war lebhaft und festlich, aber zu laut."
"La soirée était animée et festive, mais trop bruyante.",bruit,negative,"Der Abend war lebhaft und festlich, aber zu laut."
"Le site est sécurisé et fiable, mais l’inscription est compliquée.",sécurité,positive,"Die Website ist sicher und zuverlässig, die Registrierung ist jedoch kompliziert."
"Le site est sécurisé et fiable, mais l’inscription est compliquée.",inscription,negative,"Die Website ist sicher und zuverlässig, die Registrierung ist jedoch kompliziert."
"Le travail est stimulant et varié, mais mal payé.",contenu,positive,"Die Arbeit ist anregend und abwechslungsreich, aber schlecht bezahlt."
"Le travail est stimulant et varié, mais mal payé.",salaire,negative,"Die Arbeit ist anregend und abwechslungsreich, aber schlecht bezahlt."
"Le produit est élégant et bien fini, mais peu durable.",finition,positive,"Das Produkt ist elegant und gut verarbeitet, aber nicht sehr langlebig."
"Le produit est élégant et bien fini, mais peu durable.",durabilité,negative,"Das Produkt ist elegant und gut verarbeitet, aber nicht sehr langlebig."
"La ville est charmante et historique, mais peu pratique au quotidien.",charme,positive,"Die Stadt ist charmant und historisch, aber für den täglichen Gebrauch unpraktisch."
"La ville est charmante et historique, mais peu pratique au quotidien.",praticité,negative,"Die Stadt ist charmant und historisch, aber für den täglichen Gebrauch unpraktisch."
"Le service client est aimable et disponible, mais inefficace.",amabilité,positive,"Der Kundenservice ist freundlich und verfügbar, aber ineffektiv."
"Le service client est aimable et disponible, mais inefficace.",efficacité,negative,"Der Kundenservice ist freundlich und verfügbar, aber ineffektiv."
"Le film est émouvant et sincère, mais trop long.",émotion,positive,"Der Film ist bewegend und aufrichtig, aber zu lang."
"Le film est émouvant et sincère, mais trop long.",durée,negative,"Der Film ist bewegend und aufrichtig, aber zu lang."
"La formation est accessible et bien expliquée, mais superficielle.",clarté,positive,"Das Training ist zugänglich und gut erklärt, aber oberflächlich."
"La formation est accessible et bien expliquée, mais superficielle.",profondeur,negative,"Das Training ist zugänglich und gut erklärt, aber oberflächlich."
"Le restaurant est populaire et bien situé, mais bruyant.",emplacement,positive,"Das Restaurant ist beliebt und gut gelegen, aber laut."
"Le restaurant est populaire et bien situé, mais bruyant.",bruit,negative,"Das Restaurant ist beliebt und gut gelegen, aber laut."
"Le projet est structuré et clair, mais manque d’ambition.",structure,positive,"Das Projekt ist strukturiert und klar, aber es mangelt an Ehrgeiz."
"Le projet est structuré et clair, mais manque d’ambition.",ambition,negative,"Das Projekt ist strukturiert und klar, aber es mangelt an Ehrgeiz."
"L’application est rapide et fluide, mais plante régulièrement.",performance,positive,"Die Anwendung ist schnell und flüssig, stürzt jedoch regelmäßig ab."
"L’application est rapide et fluide, mais plante régulièrement.",stabilité,negative,"Die Anwendung ist schnell und flüssig, stürzt jedoch regelmäßig ab."
"Le cours est complet et bien documenté, mais difficile à suivre.",documentation,positive,"Der Kurs ist umfassend und gut dokumentiert, aber schwer zu befolgen."
"Le cours est complet et bien documenté, mais difficile à suivre.",lisibilité,negative,"Der Kurs ist umfassend und gut dokumentiert, aber schwer zu befolgen."
"Le produit est robuste et fiable, mais très lourd.",fiabilité,positive,"Das Produkt ist robust und zuverlässig, aber sehr schwer."
"Le produit est robuste et fiable, mais très lourd.",poids,negative,"Das Produkt ist robust und zuverlässig, aber sehr schwer."
"Le bar est agréable et l’ambiance est détendue, mais le service est lent.",ambiance,positive,"Die Bar ist schön und die Atmosphäre ist entspannt, aber der Service ist langsam."
"Le bar est agréable et l’ambiance est détendue, mais le service est lent.",service,negative,"Die Bar ist schön und die Atmosphäre ist entspannt, aber der Service ist langsam."
"Le cours est clair et structuré, mais les exemples sont trop simplistes.",structure,positive,"Der Kurs ist klar und strukturiert, aber die Beispiele sind zu einfach."
"Le cours est clair et structuré, mais les exemples sont trop simplistes.",exemples,negative,"Der Kurs ist klar und strukturiert, aber die Beispiele sind zu einfach."
"Le téléphone est rapide et fluide, mais l’écran est fragile.",performance,positive,"Das Telefon ist schnell und flüssig, aber der Bildschirm ist zerbrechlich."
"Le téléphone est rapide et fluide, mais l’écran est fragile.",robustesse,negative,"Das Telefon ist schnell und flüssig, aber der Bildschirm ist zerbrechlich."
"Le restaurant est convivial et bien décoré, mais la nourriture est fade.",décoration,positive,"Das Restaurant ist freundlich und schön eingerichtet, aber das Essen ist langweilig."
"Le restaurant est convivial et bien décoré, mais la nourriture est fade.",qualité des plats,negative,"Das Restaurant ist freundlich und schön eingerichtet, aber das Essen ist langweilig."
"Le projet est pertinent et bien cadré, mais l’exécution manque de rigueur.",cadrage,positive,"Das Projekt ist relevant und gut formuliert, der Ausführung mangelt es jedoch an Genauigkeit."
"Le projet est pertinent et bien cadré, mais l’exécution manque de rigueur.",exécution,negative,"Das Projekt ist relevant und gut formuliert, der Ausführung mangelt es jedoch an Genauigkeit."
"La ville est belle et dynamique, mais la circulation est infernale.",cadre,positive,"Die Stadt ist wunderschön und dynamisch, aber der Verkehr ist höllisch."
"La ville est belle et dynamique, mais la circulation est infernale.",trafic,negative,"Die Stadt ist wunderschön und dynamisch, aber der Verkehr ist höllisch."
"L’équipe est soudée et motivée, mais la communication interne est mauvaise.",cohésion,positive,"Das Team ist einig und motiviert, aber die interne Kommunikation ist schlecht."
"L’équipe est soudée et motivée, mais la communication interne est mauvaise.",communication,negative,"Das Team ist einig und motiviert, aber die interne Kommunikation ist schlecht."
"Le site est intuitif et agréable, mais il plante souvent.",ergonomie,positive,"Die Seite ist intuitiv und angenehm, stürzt jedoch häufig ab."
"Le site est intuitif et agréable, mais il plante souvent.",stabilité,negative,"Die Seite ist intuitiv und angenehm, stürzt jedoch häufig ab."
"Le film est émouvant et bien joué, mais le rythme est inégal.",jeu d’acteurs,positive,"Der Film ist bewegend und gut gespielt, aber das Tempo ist uneinheitlich."
"Le film est émouvant et bien joué, mais le rythme est inégal.",rythme,negative,"Der Film ist bewegend und gut gespielt, aber das Tempo ist uneinheitlich."
"La formation est complète et reconnue, mais trop académique.",contenu,positive,"Die Ausbildung ist vollständig und anerkannt, aber zu akademisch."
"La formation est complète et reconnue, mais trop académique.",pratique,negative,"Die Ausbildung ist vollständig und anerkannt, aber zu akademisch."
"Le service client est réactif et poli, mais peu efficace.",réactivité,positive,"Der Kundenservice ist reaktionsschnell und höflich, aber nicht sehr effizient."
"Le service client est réactif et poli, mais peu efficace.",efficacité,negative,"Der Kundenservice ist reaktionsschnell und höflich, aber nicht sehr effizient."
"L’hôtel est propre et bien placé, mais mal insonorisé.",propreté,positive,"Das Hotel ist sauber und gut gelegen, aber schlecht schallisoliert."
"L’hôtel est propre et bien placé, mais mal insonorisé.",insonorisation,negative,"Das Hotel ist sauber und gut gelegen, aber schlecht schallisoliert."
"Le logiciel est puissant et stable, mais très gourmand en ressources.",stabilité,positive,"Die Software ist leistungsstark und stabil, aber sehr ressourcenintensiv."
"Le logiciel est puissant et stable, mais très gourmand en ressources.",consommation,negative,"Die Software ist leistungsstark und stabil, aber sehr ressourcenintensiv."
"La soirée était conviviale et animée, mais trop bruyante.",ambiance,positive,"Der Abend war freundlich und lebhaft, aber zu laut."
"La soirée était conviviale et animée, mais trop bruyante.",bruit,negative,"Der Abend war freundlich und lebhaft, aber zu laut."
"Le cours en ligne est flexible et accessible, mais manque d’interactions.",flexibilité,positive,"Der Online-Kurs ist flexibel und zugänglich, es mangelt ihm jedoch an Interaktionen."
"Le cours en ligne est flexible et accessible, mais manque d’interactions.",interaction,negative,"Der Online-Kurs ist flexibel und zugänglich, es mangelt ihm jedoch an Interaktionen."
"Le produit est élégant et bien fini, mais peu ergonomique.",design,positive,"Das Produkt ist elegant und gut verarbeitet, aber nicht sehr ergonomisch."
"Le produit est élégant et bien fini, mais peu ergonomique.",ergonomie,negative,"Das Produkt ist elegant und gut verarbeitet, aber nicht sehr ergonomisch."
"Le quartier est calme et verdoyant, mais mal desservi.",environnement,positive,"Das Viertel ist ruhig und grün, aber schlecht erschlossen."
"Le quartier est calme et verdoyant, mais mal desservi.",transports,negative,"Das Viertel ist ruhig und grün, aber schlecht erschlossen."
"Le stage est formateur et stimulant, mais les objectifs sont flous.",apprentissage,positive,"Der Kurs ist lehrreich und anregend, aber die Ziele sind vage."
"Le stage est formateur et stimulant, mais les objectifs sont flous.",objectifs,negative,"Der Kurs ist lehrreich und anregend, aber die Ziele sind vage."
"Le jeu est immersif et beau, mais répétitif.",graphismes,positive,"Das Spiel ist fesselnd und schön, aber es wiederholt sich."
"Le jeu est immersif et beau, mais répétitif.",variété,negative,"Das Spiel ist fesselnd und schön, aber es wiederholt sich."
"Le café est savoureux et l’endroit cosy, mais les prix sont élevés.",qualité,positive,"Der Kaffee ist lecker und der Ort gemütlich, aber die Preise sind hoch."
"Le café est savoureux et l’endroit cosy, mais les prix sont élevés.",prix,negative,"Der Kaffee ist lecker und der Ort gemütlich, aber die Preise sind hoch."
"Le débat était riche et intéressant, mais mal modéré.",contenu,positive,"Die Debatte war reichhaltig und interessant, aber schlecht moderiert."
"Le débat était riche et intéressant, mais mal modéré.",modération,negative,"Die Debatte war reichhaltig und interessant, aber schlecht moderiert."
"La plateforme est complète et utile, mais lente.",fonctionnalités,positive,"Die Plattform ist vollständig und nützlich, aber langsam."
"La plateforme est complète et utile, mais lente.",performance,negative,"Die Plattform ist vollständig und nützlich, aber langsam."
"Le voyage était dépaysant et agréable, mais fatigant.",expérience,positive,"Die Reise war exotisch und angenehm, aber anstrengend."
"Le voyage était dépaysant et agréable, mais fatigant.",fatigue,negative,"Die Reise war exotisch und angenehm, aber anstrengend."
"Le livre est original et bien écrit, mais trop long.",style,positive,"Das Buch ist originell und gut geschrieben, aber zu lang."
"Le livre est original et bien écrit, mais trop long.",longueur,negative,"Das Buch ist originell und gut geschrieben, aber zu lang."
"Le service est rapide et fiable, mais impersonnel.",rapidité,positive,"Der Service ist schnell und zuverlässig, aber unpersönlich."
"Le service est rapide et fiable, mais impersonnel.",relation client,negative,"Der Service ist schnell und zuverlässig, aber unpersönlich."
"Le concert était intense et mémorable, mais le son saturait.",ambiance,positive,"Das Konzert war intensiv und einprägsam, aber der Klang war gesättigt."
"Le concert était intense et mémorable, mais le son saturait.",son,negative,"Das Konzert war intensiv und einprägsam, aber der Klang war gesättigt."
"Le produit est simple et abordable, mais fragile.",simplicité,positive,"Das Produkt ist einfach und erschwinglich, aber zerbrechlich."
"Le produit est simple et abordable, mais fragile.",solidité,negative,"Das Produkt ist einfach und erschwinglich, aber zerbrechlich."
"Le travail est motivant et varié, mais mal reconnu.",contenu,positive,"Die Arbeit ist motivierend und abwechslungsreich, aber wenig anerkannt."
"Le travail est motivant et varié, mais mal reconnu.",reconnaissance,negative,"Die Arbeit ist motivierend und abwechslungsreich, aber wenig anerkannt."
"La réunion était claire et structurée, mais inutilement longue.",structure,positive,"Das Treffen war klar und strukturiert, aber unnötig lang."
"La réunion était claire et structurée, mais inutilement longue.",durée,negative,"Das Treffen war klar und strukturiert, aber unnötig lang."
"Le film est esthétique et bien réalisé, mais sans profondeur.",visuel,positive,"Der Film ist ästhetisch und gut gemacht, aber ohne Tiefe."
"Le film est esthétique et bien réalisé, mais sans profondeur.",scénario,negative,"Der Film ist ästhetisch und gut gemacht, aber ohne Tiefe."
"Le site est lisible et bien organisé, mais lent au chargement.",lisibilité,positive,"Die Seite ist gut lesbar und gut organisiert, lädt jedoch langsam."
"Le site est lisible et bien organisé, mais lent au chargement.",chargement,negative,"Die Seite ist gut lesbar und gut organisiert, lädt jedoch langsam."
"Le cours est logique et progressif, mais monotone.",organisation,positive,"Der Kurs ist logisch und fortschrittlich, aber eintönig."
"Le cours est logique et progressif, mais monotone.",dynamisme,negative,"Der Kurs ist logisch und fortschrittlich, aber eintönig."
"Le service est aimable et disponible, mais désorganisé.",accueil,positive,"Der Service ist freundlich und verfügbar, aber unorganisiert."
"Le service est aimable et disponible, mais désorganisé.",organisation,negative,"Der Service ist freundlich und verfügbar, aber unorganisiert."
"Le projet est ambitieux et structurant, mais sous-financé.",ambition,positive,"Das Projekt ist ehrgeizig und strukturierend, aber unterfinanziert."
"Le projet est ambitieux et structurant, mais sous-financé.",financement,negative,"Das Projekt ist ehrgeizig und strukturierend, aber unterfinanziert."
"La ville est vivante et culturelle, mais stressante.",culture,positive,"Die Stadt ist lebendig und kulturell, aber auch stressig."
"La ville est vivante et culturelle, mais stressante.",stress,negative,"Die Stadt ist lebendig und kulturell, aber auch stressig."
"Le restaurant est chaleureux et accueillant, mais lent.",ambiance,positive,"Das Restaurant ist warm und einladend, aber langsam."
"Le restaurant est chaleureux et accueillant, mais lent.",service,negative,"Das Restaurant ist warm und einladend, aber langsam."
"L’application est fluide et moderne, mais peu sécurisée.",performance,positive,"Die Anwendung ist flüssig und modern, aber nicht sehr sicher."
"L’application est fluide et moderne, mais peu sécurisée.",sécurité,negative,"Die Anwendung ist flüssig und modern, aber nicht sehr sicher."
"Le film est divertissant et rythmé, mais prévisible.",divertissement,positive,"Der Film ist unterhaltsam und temporeich, aber vorhersehbar."
"Le film est divertissant et rythmé, mais prévisible.",originalité,negative,"Der Film ist unterhaltsam und temporeich, aber vorhersehbar."
"Le service est professionnel et sérieux, mais froid.",professionnalisme,positive,"Der Service ist professionell und seriös, aber kalt."
"Le service est professionnel et sérieux, mais froid.",chaleur humaine,negative,"Der Service ist professionell und seriös, aber kalt."
"Le voyage était confortable et bien planifié, mais trop encadré.",confort,positive,"Die Reise war komfortabel und gut geplant, aber zu beaufsichtigt."
"Le voyage était confortable et bien planifié, mais trop encadré.",liberté,negative,"Die Reise war komfortabel und gut geplant, aber zu beaufsichtigt."
"Le jeu est fluide et réactif, mais pauvre en contenu.",performance,positive,"Das Spiel ist flüssig und reaktionsschnell, aber inhaltlich dürftig."
"Le jeu est fluide et réactif, mais pauvre en contenu.",contenu,negative,"Das Spiel ist flüssig und reaktionsschnell, aber inhaltlich dürftig."
"Le bar est bien situé et agréable, mais cher.",emplacement,positive,"Die Bar ist gut gelegen und angenehm, aber teuer."
"Le bar est bien situé et agréable, mais cher.",prix,negative,"Die Bar ist gut gelegen und angenehm, aber teuer."
"Le cours est captivant et bien illustré, mais mal évalué.",pédagogie,positive,"Der Kurs ist fesselnd und gut illustriert, aber schlecht bewertet."
"Le cours est captivant et bien illustré, mais mal évalué.",évaluation,negative,"Der Kurs ist fesselnd und gut illustriert, aber schlecht bewertet."
"Le logiciel est complet et fiable, mais complexe.",fonctionnalités,positive,"Die Software ist vollständig und zuverlässig, aber komplex."
"Le logiciel est complet et fiable, mais complexe.",prise en main,negative,"Die Software ist vollständig und zuverlässig, aber komplex."
"La soirée était festive et conviviale, mais trop courte.",ambiance,positive,"Der Abend war festlich und freundlich, aber zu kurz."
"La soirée était festive et conviviale, mais trop courte.",durée,negative,"Der Abend war festlich und freundlich, aber zu kurz."
"Le site est sécurisé et robuste, mais peu intuitif.",sécurité,positive,"Die Website ist sicher und robust, aber nicht sehr intuitiv."
"Le site est sécurisé et robuste, mais peu intuitif.",ergonomie,negative,"Die Website ist sicher und robust, aber nicht sehr intuitiv."
"Le travail est stable et bien organisé, mais répétitif.",stabilité,positive,"Die Arbeit ist stabil und gut organisiert, aber repetitiv."
"Le travail est stable et bien organisé, mais répétitif.",variété,negative,"Die Arbeit ist stabil und gut organisiert, aber repetitiv."
"Le produit est soigné et esthétique, mais peu durable.",finition,positive,"Das Produkt ist ordentlich und ästhetisch, aber nicht sehr langlebig."
"Le produit est soigné et esthétique, mais peu durable.",durabilité,negative,"Das Produkt ist ordentlich und ästhetisch, aber nicht sehr langlebig."
"La ville est charmante et historique, mais mal connectée.",charme,positive,"Die Stadt ist charmant und historisch, aber schlecht angebunden."
"La ville est charmante et historique, mais mal connectée.",connectivité,negative,"Die Stadt ist charmant und historisch, aber schlecht angebunden."
"Le service client est aimable et patient, mais inefficace.",amabilité,positive,"Der Kundenservice ist freundlich und geduldig, aber ineffektiv."
"Le service client est aimable et patient, mais inefficace.",résolution,negative,"Der Kundenservice ist freundlich und geduldig, aber ineffektiv."
"Le film est émouvant et sincère, mais s’étire trop.",émotion,positive,"Der Film ist bewegend und aufrichtig, aber zu sehr in die Länge gezogen."
"Le film est émouvant et sincère, mais s’étire trop.",rythme,negative,"Der Film ist bewegend und aufrichtig, aber zu sehr in die Länge gezogen."
"La formation est claire et accessible, mais trop superficielle.",clarté,positive,"Das Training ist klar und zugänglich, aber zu oberflächlich."
"La formation est claire et accessible, mais trop superficielle.",profondeur,negative,"Das Training ist klar und zugänglich, aber zu oberflächlich."
"Le restaurant est populaire et bien placé, mais bruyant.",emplacement,positive,"Das Restaurant ist beliebt und gut gelegen, aber laut."
"Le restaurant est populaire et bien placé, mais bruyant.",bruit,negative,"Das Restaurant ist beliebt und gut gelegen, aber laut."
"Le projet est cohérent et structuré, mais peu créatif.",structure,positive,"Das Projekt ist schlüssig und strukturiert, aber nicht sehr kreativ."
"Le projet est cohérent et structuré, mais peu créatif.",créativité,negative,"Das Projekt ist schlüssig und strukturiert, aber nicht sehr kreativ."
"L’application est rapide et efficace, mais instable.",vitesse,positive,"Die Anwendung ist schnell und effizient, aber instabil."
"L’application est rapide et efficace, mais instable.",stabilité,negative,"Die Anwendung ist schnell und effizient, aber instabil."
"Le cours est complet et rigoureux, mais exigeant.",rigueur,positive,"Der Kurs ist umfassend und anspruchsvoll, aber anspruchsvoll."
"Le cours est complet et rigoureux, mais exigeant.",difficulté,negative,"Der Kurs ist umfassend und anspruchsvoll, aber anspruchsvoll."
"Le produit est robuste et fiable, mais encombrant.",fiabilité,positive,"Das Produkt ist robust und zuverlässig, aber sperrig."
"Le produit est robuste et fiable, mais encombrant.",poids,negative,"Das Produkt ist robust und zuverlässig, aber sperrig."
"Le bar est original et chaleureux, mais mal organisé.",originalité,positive,"Die Bar ist originell und warm, aber schlecht organisiert."
"Le bar est original et chaleureux, mais mal organisé.",organisation,negative,"Die Bar ist originell und warm, aber schlecht organisiert."
"Le site est clair et informatif, mais daté.",information,positive,"Die Seite ist klar und informativ, aber veraltet."
"Le site est clair et informatif, mais daté.",modernité,negative,"Die Seite ist klar und informativ, aber veraltet."
"Le travail est enrichissant et stimulant, mais instable.",intérêt,positive,"Die Arbeit ist lohnend und herausfordernd, aber instabil."
"Le travail est enrichissant et stimulant, mais instable.",sécurité,negative,"Die Arbeit ist lohnend und herausfordernd, aber instabil."
"Le film est visuellement impressionnant, mais confus.",visuel,positive,"Der Film ist visuell beeindruckend, aber verwirrend."
"Le film est visuellement impressionnant, mais confus.",clarté du récit,negative,"Der Film ist visuell beeindruckend, aber verwirrend."
"Le cours est interactif et participatif, mais mal structuré.",interaction,positive,"Der Kurs ist interaktiv und partizipativ, aber schlecht strukturiert."
"Le cours est interactif et participatif, mais mal structuré.",structure,negative,"Der Kurs ist interaktiv und partizipativ, aber schlecht strukturiert."
"Le service est disponible et flexible, mais lent.",disponibilité,positive,"Der Service ist verfügbar und flexibel, aber langsam."
"Le service est disponible et flexible, mais lent.",vitesse,negative,"Der Service ist verfügbar und flexibel, aber langsam."
"Le projet est innovant et audacieux, mais risqué.",innovation,positive,"Das Projekt ist innovativ und gewagt, aber riskant."
"Le projet est innovant et audacieux, mais risqué.",fiabilité,negative,"Das Projekt ist innovativ und gewagt, aber riskant."
"La ville est verte et agréable, mais peu animée.",environnement,positive,"Die Stadt ist grün und angenehm, aber nicht sehr lebhaft."
"La ville est verte et agréable, mais peu animée.",animation,negative,"Die Stadt ist grün und angenehm, aber nicht sehr lebhaft."
"Le restaurant est rapide et efficace, mais impersonnel.",rapidité,positive,"Das Restaurant ist schnell und effizient, aber unpersönlich."
"Le restaurant est rapide et efficace, mais impersonnel.",relation client,negative,"Das Restaurant ist schnell und effizient, aber unpersönlich."
"L’application est pratique et fonctionnelle, mais austère.",utilité,positive,"Die Anwendung ist praktisch und funktional, aber streng."
"L’application est pratique et fonctionnelle, mais austère.",design,negative,"Die Anwendung ist praktisch und funktional, aber streng."
"Le film est drôle et léger, mais sans profondeur.",humour,positive,"Der Film ist lustig und leicht, aber ohne Tiefe."
"Le film est drôle et léger, mais sans profondeur.",contenu,negative,"Der Film ist lustig und leicht, aber ohne Tiefe."
"Le service est constant et fiable, mais peu flexible.",fiabilité,positive,"Der Service ist konsistent und zuverlässig, aber nicht sehr flexibel."
"Le service est constant et fiable, mais peu flexible.",flexibilité,negative,"Der Service ist konsistent und zuverlässig, aber nicht sehr flexibel."
"Le voyage était confortable et fluide, mais sans surprise.",confort,positive,"Die Reise verlief angenehm und reibungslos, aber ohne Überraschungen."
"Le voyage était confortable et fluide, mais sans surprise.",originalité,negative,"Die Reise verlief angenehm und reibungslos, aber ohne Überraschungen."
"Le jeu est beau et immersif, mais trop court.",graphismes,positive,"Das Spiel ist schön und fesselnd, aber zu kurz."
"Le jeu est beau et immersif, mais trop court.",durée,negative,"Das Spiel ist schön und fesselnd, aber zu kurz."
"Le bar est convivial et animé, mais mal insonorisé.",ambiance,positive,"Die Bar ist freundlich und lebhaft, aber schlecht schallisoliert."
"Le bar est convivial et animé, mais mal insonorisé.",insonorisation,negative,"Die Bar ist freundlich und lebhaft, aber schlecht schallisoliert."
"Le cours est clair et pédagogique, mais trop lent.",pédagogie,positive,"Der Kurs ist klar und lehrreich, aber zu langsam."
"Le cours est clair et pédagogique, mais trop lent.",rythme,negative,"Der Kurs ist klar und lehrreich, aber zu langsam."
"Le logiciel est stable et fiable, mais limité.",stabilité,positive,"Die Software ist stabil und zuverlässig, aber eingeschränkt."
"Le logiciel est stable et fiable, mais limité.",fonctionnalités,negative,"Die Software ist stabil und zuverlässig, aber eingeschränkt."
"La soirée était chaleureuse et détendue, mais désorganisée.",ambiance,positive,"Der Abend war warm und entspannt, aber unorganisiert."
"La soirée était chaleureuse et détendue, mais désorganisée.",organisation,negative,"Der Abend war warm und entspannt, aber unorganisiert."
"Le site est moderne et attractif, mais peu accessible.",design,positive,"Die Seite ist modern und attraktiv, aber nicht sehr gut zugänglich."
"Le site est moderne et attractif, mais peu accessible.",accessibilité,negative,"Die Seite ist modern und attraktiv, aber nicht sehr gut zugänglich."
"Le travail est encadré et structuré, mais peu autonome.",encadrement,positive,"Die Arbeit ist überwacht und strukturiert, aber nicht sehr autonom."
"Le travail est encadré et structuré, mais peu autonome.",autonomie,negative,"Die Arbeit ist überwacht und strukturiert, aber nicht sehr autonom."
"Le produit est innovant et séduisant, mais fragile.",innovation,positive,"Das Produkt ist innovativ und attraktiv, aber fragil."
"Le produit est innovant et séduisant, mais fragile.",solidité,negative,"Das Produkt ist innovativ und attraktiv, aber fragil."
"La ville est accueillante et agréable, mais chère.",qualité de vie,positive,"Die Stadt ist einladend und angenehm, aber teuer."
"La ville est accueillante et agréable, mais chère.",coût,negative,"Die Stadt ist einladend und angenehm, aber teuer."
"Le service client est disponible et aimable, mais inefficace.",disponibilité,positive,"Der Kundenservice ist verfügbar und freundlich, aber ineffektiv."
"Le service client est disponible et aimable, mais inefficace.",efficacité,negative,"Der Kundenservice ist verfügbar und freundlich, aber ineffektiv."
"Le film est captivant et bien monté, mais prévisible.",montage,positive,"Der Film ist fesselnd und gut gemacht, aber vorhersehbar."
"Le film est captivant et bien monté, mais prévisible.",surprise,negative,"Der Film ist fesselnd und gut gemacht, aber vorhersehbar."
"La formation est claire et progressive, mais trop courte.",progression,positive,"Das Training ist klar und progressiv, aber zu kurz."
"La formation est claire et progressive, mais trop courte.",durée,negative,"Das Training ist klar und progressiv, aber zu kurz."
"Le restaurant est élégant et soigné, mais lent.",cadre,positive,"Das Restaurant ist elegant und ordentlich, aber langsam."
"Le restaurant est élégant et soigné, mais lent.",service,negative,"Das Restaurant ist elegant und ordentlich, aber langsam."
"Le projet est ambitieux et fédérateur, mais mal coordonné.",ambition,positive,"Das Projekt ist ehrgeizig und vereinend, aber schlecht koordiniert."
"Le projet est ambitieux et fédérateur, mais mal coordonné.",coordination,negative,"Das Projekt ist ehrgeizig und vereinend, aber schlecht koordiniert."
"L’application est rapide et intuitive, mais instable.",ergonomie,positive,"Die App ist schnell und intuitiv, aber instabil."
"L’application est rapide et intuitive, mais instable.",stabilité,negative,"Die App ist schnell und intuitiv, aber instabil."
"Le cours est structuré et logique, mais trop dense.",organisation,positive,"Der Kurs ist strukturiert und logisch, aber zu dicht."
"Le cours est structuré et logique, mais trop dense.",densité,negative,"Der Kurs ist strukturiert und logisch, aber zu dicht."
"Le produit est fiable et performant, mais bruyant.",performance,positive,"Das Produkt ist zuverlässig und effizient, aber laut."
"Le produit est fiable et performant, mais bruyant.",bruit,negative,"Das Produkt ist zuverlässig und effizient, aber laut."
"Franchement le bar est super agréable quand tu arrives, l’ambiance est détendue, la musique est bien choisie et tu te sens à l’aise tout de suite, mais dès que tu commandes tu te rends compte que le service est lent et qu’on t’oublie facilement.",ambiance,positive,"Ehrlich gesagt ist die Bar bei Ankunft super angenehm, die Atmosphäre ist entspannt, die Musik ist gut ausgewählt und man fühlt sich sofort wohl, aber sobald man bestellt, merkt man, dass der Service langsam ist und man schnell vergessen wird."
"Franchement le bar est super agréable quand tu arrives, l’ambiance est détendue, la musique est bien choisie et tu te sens à l’aise tout de suite, mais dès que tu commandes tu te rends compte que le service est lent et qu’on t’oublie facilement.",service,negative,"Ehrlich gesagt ist die Bar bei Ankunft super angenehm, die Atmosphäre ist entspannt, die Musik ist gut ausgewählt und man fühlt sich sofort wohl, aber sobald man bestellt, merkt man, dass der Service langsam ist und man schnell vergessen wird."
"Le cours est vraiment clair du début à la fin, le prof structure bien ses idées, prend le temps de répondre aux questions et donne des exemples parlants, mais au moment des examens on a l’impression que rien ne correspond au contenu vu en classe.",pédagogie,positive,"Der Kurs ist von Anfang bis Ende wirklich klar, der Lehrer strukturiert seine Ideen gut, nimmt sich die Zeit, Fragen zu beantworten und gibt aussagekräftige Beispiele, aber in der Prüfungszeit haben wir den Eindruck, dass nichts mit den im Unterricht gesehenen Inhalten übereinstimmt."
"Le cours est vraiment clair du début à la fin, le prof structure bien ses idées, prend le temps de répondre aux questions et donne des exemples parlants, mais au moment des examens on a l’impression que rien ne correspond au contenu vu en classe.",évaluation,negative,"Der Kurs ist von Anfang bis Ende wirklich klar, der Lehrer strukturiert seine Ideen gut, nimmt sich die Zeit, Fragen zu beantworten und gibt aussagekräftige Beispiele, aber in der Prüfungszeit haben wir den Eindruck, dass nichts mit den im Unterricht gesehenen Inhalten übereinstimmt."
"Le téléphone est super fluide au quotidien, les applications s’ouvrent vite, l’écran est agréable et tout semble réactif, mais dès que tu t’en sers un peu longtemps tu vois que la batterie fond et que tu dois toujours avoir un chargeur.",performance,positive,"Das Telefon ist im Alltag super flüssig, Anwendungen öffnen sich schnell, der Bildschirm ist angenehm und alles scheint reaktionsfähig zu sein, aber sobald man es eine Weile benutzt, merkt man, dass der Akku schmilzt und man immer ein Ladegerät haben muss."
"Le téléphone est super fluide au quotidien, les applications s’ouvrent vite, l’écran est agréable et tout semble réactif, mais dès que tu t’en sers un peu longtemps tu vois que la batterie fond et que tu dois toujours avoir un chargeur.",batterie,negative,"Das Telefon ist im Alltag super flüssig, Anwendungen öffnen sich schnell, der Bildschirm ist angenehm und alles scheint reaktionsfähig zu sein, aber sobald man es eine Weile benutzt, merkt man, dass der Akku schmilzt und man immer ein Ladegerät haben muss."
"Le restaurant donne une super première impression, la salle est chaleureuse, la déco est soignée et on se sent bien installé, mais une fois les plats arrivés tu te rends compte que les saveurs sont assez fades et que ça manque clairement de caractère.",décoration,positive,"Das Restaurant macht einen großartigen ersten Eindruck, der Raum ist warm, die Einrichtung ist ordentlich und man fühlt sich wohl, aber sobald die Gerichte ankommen, merkt man, dass die Aromen ziemlich langweilig sind und dass es eindeutig an Charakter mangelt."
"Le restaurant donne une super première impression, la salle est chaleureuse, la déco est soignée et on se sent bien installé, mais une fois les plats arrivés tu te rends compte que les saveurs sont assez fades et que ça manque clairement de caractère.",qualité des plats,negative,"Das Restaurant macht einen großartigen ersten Eindruck, der Raum ist warm, die Einrichtung ist ordentlich und man fühlt sich wohl, aber sobald die Gerichte ankommen, merkt man, dass die Aromen ziemlich langweilig sind und dass es eindeutig an Charakter mangelt."
"Le projet est vraiment pertinent sur le papier, l’idée est bien pensée, le cadre est clair et tout le monde voit l’intérêt, mais quand on regarde de près l’exécution on sent que c’est bâclé et que beaucoup de détails n’ont pas été travaillés.",cadrage,positive,"Das Projekt ist auf dem Papier wirklich relevant, die Idee ist gut durchdacht, der Rahmen ist klar und jeder sieht den Nutzen, aber wenn wir uns die Ausführung genau ansehen, haben wir das Gefühl, dass sie schlampig ist und an vielen Details nicht gearbeitet wurde."
"Le projet est vraiment pertinent sur le papier, l’idée est bien pensée, le cadre est clair et tout le monde voit l’intérêt, mais quand on regarde de près l’exécution on sent que c’est bâclé et que beaucoup de détails n’ont pas été travaillés.",exécution,negative,"Das Projekt ist auf dem Papier wirklich relevant, die Idee ist gut durchdacht, der Rahmen ist klar und jeder sieht den Nutzen, aber wenn wir uns die Ausführung genau ansehen, haben wir das Gefühl, dass sie schlampig ist und an vielen Details nicht gearbeitet wurde."
"La ville est franchement agréable à vivre, il y a de beaux quartiers, une vraie vie culturelle et toujours quelque chose à faire le soir, mais au quotidien la circulation est un enfer et perdre une heure dans les embouteillages devient vite épuisant.",qualité de vie,positive,"Ehrlich gesagt ist die Stadt angenehm zum Leben, es gibt schöne Viertel, ein echtes Kulturleben und abends gibt es immer etwas zu tun, aber im Alltag ist der Verkehr die Hölle und eine Stunde im Stau zu verlieren, wird schnell anstrengend."
"La ville est franchement agréable à vivre, il y a de beaux quartiers, une vraie vie culturelle et toujours quelque chose à faire le soir, mais au quotidien la circulation est un enfer et perdre une heure dans les embouteillages devient vite épuisant.",circulation,negative,"Ehrlich gesagt ist die Stadt angenehm zum Leben, es gibt schöne Viertel, ein echtes Kulturleben und abends gibt es immer etwas zu tun, aber im Alltag ist der Verkehr die Hölle und eine Stunde im Stau zu verlieren, wird schnell anstrengend."
"L’équipe est vraiment soudée, l’ambiance est bonne, on se soutient entre collègues et on a l’impression de travailler avec des gens motivés, mais dès qu’il faut faire passer une information importante la communication devient chaotique et personne n’est aligné.",cohésion,positive,"Das Team ist wirklich einig, die Atmosphäre ist gut, wir unterstützen uns gegenseitig unter den Kollegen und wir haben den Eindruck, mit motivierten Menschen zusammenzuarbeiten, aber sobald wichtige Informationen vermittelt werden müssen, wird die Kommunikation chaotisch und niemand ist auf einer Linie."
"L’équipe est vraiment soudée, l’ambiance est bonne, on se soutient entre collègues et on a l’impression de travailler avec des gens motivés, mais dès qu’il faut faire passer une information importante la communication devient chaotique et personne n’est aligné.",communication,negative,"Das Team ist wirklich einig, die Atmosphäre ist gut, wir unterstützen uns gegenseitig unter den Kollegen und wir haben den Eindruck, mit motivierten Menschen zusammenzuarbeiten, aber sobald wichtige Informationen vermittelt werden müssen, wird die Kommunikation chaotisch und niemand ist auf einer Linie."
"Le site est agréable à parcourir, tout est bien organisé, on trouve facilement ce qu’on cherche et la navigation est intuitive, mais il suffit de cliquer un peu trop vite pour que tout se mette à buguer et que la page se recharge sans raison.",ergonomie,positive,"Die Seite lässt sich angenehm durchstöbern, alles ist gut organisiert, man kann leicht finden, was man sucht und die Navigation ist intuitiv, aber man muss nur etwas zu schnell klicken und alles fängt an zu stolpern und die Seite wird ohne Grund neu geladen."
"Le site est agréable à parcourir, tout est bien organisé, on trouve facilement ce qu’on cherche et la navigation est intuitive, mais il suffit de cliquer un peu trop vite pour que tout se mette à buguer et que la page se recharge sans raison.",stabilité,negative,"Die Seite lässt sich angenehm durchstöbern, alles ist gut organisiert, man kann leicht finden, was man sucht und die Navigation ist intuitiv, aber man muss nur etwas zu schnell klicken und alles fängt an zu stolpern und die Seite wird ohne Grund neu geladen."
"Le film est porté par des acteurs vraiment convaincants, certaines scènes sont touchantes et on se laisse facilement prendre par l’histoire, mais au bout d’un moment le rythme retombe et on sent que le scénario tourne un peu en rond.",jeu d’acteurs,positive,"Der Film wird von wirklich überzeugenden Schauspielern getragen, einige Szenen sind berührend und man lässt sich leicht in die Geschichte verwickeln, doch nach einer Weile lässt das Tempo nach und wir haben das Gefühl, dass sich das Szenario ein wenig im Kreis dreht."
"Le film est porté par des acteurs vraiment convaincants, certaines scènes sont touchantes et on se laisse facilement prendre par l’histoire, mais au bout d’un moment le rythme retombe et on sent que le scénario tourne un peu en rond.",rythme,negative,"Der Film wird von wirklich überzeugenden Schauspielern getragen, einige Szenen sind berührend und man lässt sich leicht in die Geschichte verwickeln, doch nach einer Weile lässt das Tempo nach und wir haben das Gefühl, dass sich das Szenario ein wenig im Kreis dreht."
"La formation est solide, le programme est complet, on voit beaucoup de notions utiles et on a l’impression d’apprendre des choses sérieuses, mais dans la pratique on reste trop dans la théorie et on manque cruellement d’exemples concrets.",contenu,positive,"Die Ausbildung ist solide, das Programm vollständig, wir sehen viele nützliche Konzepte und haben den Eindruck, ernsthafte Dinge zu lernen, aber in der Praxis bleiben wir zu sehr in der Theorie und es mangelt uns schmerzlich an konkreten Beispielen."
"La formation est solide, le programme est complet, on voit beaucoup de notions utiles et on a l’impression d’apprendre des choses sérieuses, mais dans la pratique on reste trop dans la théorie et on manque cruellement d’exemples concrets.",pratique,negative,"Die Ausbildung ist solide, das Programm vollständig, wir sehen viele nützliche Konzepte und haben den Eindruck, ernsthafte Dinge zu lernen, aber in der Praxis bleiben wir zu sehr in der Theorie und es mangelt uns schmerzlich an konkreten Beispielen."
"Le service client répond rapidement, les conseillers sont polis, prennent le temps d’écouter et donnent l’impression de vouloir aider, mais au final les problèmes ne sont jamais vraiment réglés et on se retrouve à rappeler plusieurs fois.",réactivité,positive,"Der Kundenservice antwortet schnell, die Berater sind höflich, nehmen sich die Zeit, zuzuhören und machen den Eindruck, helfen zu wollen, aber am Ende werden die Probleme nie wirklich gelöst und man ruft mehrmals zurück."
"Le service client répond rapidement, les conseillers sont polis, prennent le temps d’écouter et donnent l’impression de vouloir aider, mais au final les problèmes ne sont jamais vraiment réglés et on se retrouve à rappeler plusieurs fois.",efficacité,negative,"Der Kundenservice antwortet schnell, die Berater sind höflich, nehmen sich die Zeit, zuzuhören und machen den Eindruck, helfen zu wollen, aber am Ende werden die Probleme nie wirklich gelöst und man ruft mehrmals zurück."
"L’hôtel est propre, les parties communes sont bien entretenues et l’emplacement est vraiment pratique pour visiter la ville, mais une fois dans la chambre on se rend compte que l’isolation est mauvaise et qu’on entend tout ce qui se passe autour.",propreté,positive,"Das Hotel ist sauber, die öffentlichen Bereiche sind gut gepflegt und die Lage ist wirklich praktisch, um die Stadt zu erkunden, aber sobald man im Zimmer ist, merkt man, dass die Isolierung schlecht ist und man alles hören kann, was in der Umgebung passiert."
"L’hôtel est propre, les parties communes sont bien entretenues et l’emplacement est vraiment pratique pour visiter la ville, mais une fois dans la chambre on se rend compte que l’isolation est mauvaise et qu’on entend tout ce qui se passe autour.",insonorisation,negative,"Das Hotel ist sauber, die öffentlichen Bereiche sind gut gepflegt und die Lage ist wirklich praktisch, um die Stadt zu erkunden, aber sobald man im Zimmer ist, merkt man, dass die Isolierung schlecht ist und man alles hören kann, was in der Umgebung passiert."
"Le logiciel est très complet, il propose énormément de fonctionnalités et permet de faire quasiment tout ce dont on a besoin, mais il est tellement lourd qu’il met un temps fou à démarrer et ralentit clairement le travail.",fonctionnalités,positive,"Die Software ist sehr umfassend, bietet viele Funktionen und ermöglicht fast alles, was Sie brauchen, aber sie ist so schwer, dass der Start lange dauert und die Arbeit deutlich verlangsamt."
"Le logiciel est très complet, il propose énormément de fonctionnalités et permet de faire quasiment tout ce dont on a besoin, mais il est tellement lourd qu’il met un temps fou à démarrer et ralentit clairement le travail.",performance,negative,"Die Software ist sehr umfassend, bietet viele Funktionen und ermöglicht fast alles, was Sie brauchen, aber sie ist so schwer, dass der Start lange dauert und die Arbeit deutlich verlangsamt."
"La soirée était vraiment conviviale, on a bien rigolé, l’ambiance était détendue et les gens super sympas, mais le volume de la musique était tellement fort qu’on ne s’entendait plus parler et que ça finissait par fatiguer.",ambiance,positive,"Der Abend war sehr freundlich, wir haben viel gelacht, die Atmosphäre war entspannt und die Leute waren super nett, aber die Lautstärke der Musik war so laut, dass wir uns selbst nicht mehr reden hören konnten und es am Ende anstrengend war."
"La soirée était vraiment conviviale, on a bien rigolé, l’ambiance était détendue et les gens super sympas, mais le volume de la musique était tellement fort qu’on ne s’entendait plus parler et que ça finissait par fatiguer.",bruit,negative,"Der Abend war sehr freundlich, wir haben viel gelacht, die Atmosphäre war entspannt und die Leute waren super nett, aber die Lautstärke der Musik war so laut, dass wir uns selbst nicht mehr reden hören konnten und es am Ende anstrengend war."
"Le cours en ligne est très pratique, tu peux avancer à ton rythme, revoir les vidéos quand tu veux et t’organiser comme tu l’entends, mais au bout de quelques semaines tu te rends compte que sans interactions la motivation chute rapidement.",flexibilité,positive,"Der Online-Kurs ist sehr praktisch, man kann in seinem eigenen Tempo vorankommen, sich die Videos jederzeit noch einmal ansehen und sich nach Belieben organisieren, aber nach ein paar Wochen merkt man, dass ohne Interaktionen die Motivation schnell sinkt."
"Le cours en ligne est très pratique, tu peux avancer à ton rythme, revoir les vidéos quand tu veux et t’organiser comme tu l’entends, mais au bout de quelques semaines tu te rends compte que sans interactions la motivation chute rapidement.",engagement,negative,"Der Online-Kurs ist sehr praktisch, man kann in seinem eigenen Tempo vorankommen, sich die Videos jederzeit noch einmal ansehen und sich nach Belieben organisieren, aber nach ein paar Wochen merkt man, dass ohne Interaktionen die Motivation schnell sinkt."
"Le produit est vraiment élégant, les finitions sont propres, le design est moderne et donne envie de l’utiliser, mais à l’usage on sent qu’il n’est pas très robuste et qu’il risque de s’abîmer rapidement.",design,positive,"Das Produkt ist wirklich elegant, die Oberflächen sind sauber, das Design ist modern und macht Lust, es zu benutzen, aber im Gebrauch hat man das Gefühl, dass es nicht sehr robust ist und schnell beschädigt werden kann."
"Le produit est vraiment élégant, les finitions sont propres, le design est moderne et donne envie de l’utiliser, mais à l’usage on sent qu’il n’est pas très robuste et qu’il risque de s’abîmer rapidement.",durabilité,negative,"Das Produkt ist wirklich elegant, die Oberflächen sind sauber, das Design ist modern und macht Lust, es zu benutzen, aber im Gebrauch hat man das Gefühl, dass es nicht sehr robust ist und schnell beschädigt werden kann."
"Le quartier est paisible, il y a beaucoup d’espaces verts, on s’y sent bien pour vivre au quotidien et se reposer, mais dès qu’il faut se déplacer on se rend compte que les transports sont mal organisés et peu fréquents.",environnement,positive,"Die Nachbarschaft ist friedlich, es gibt viele Grünflächen, man fühlt sich gut für den Alltag und die Erholung an, aber sobald man sich bewegen muss, merkt man, dass die Verkehrsmittel schlecht organisiert und selten sind."
"Le quartier est paisible, il y a beaucoup d’espaces verts, on s’y sent bien pour vivre au quotidien et se reposer, mais dès qu’il faut se déplacer on se rend compte que les transports sont mal organisés et peu fréquents.",transports,negative,"Die Nachbarschaft ist friedlich, es gibt viele Grünflächen, man fühlt sich gut für den Alltag und die Erholung an, aber sobald man sich bewegen muss, merkt man, dass die Verkehrsmittel schlecht organisiert und selten sind."
"Le stage est très formateur, on touche à des projets concrets, on apprend énormément sur le terrain et on sent que ça apporte une vraie expérience, mais il n’y a quasiment pas d’encadrement et on est souvent livré à soi-même.",apprentissage,positive,"Das Praktikum ist sehr lehrreich, wir arbeiten an konkreten Projekten, wir lernen viel in der Praxis und haben das Gefühl, dass es echte Erfahrungen vermittelt, aber es gibt fast keine Betreuung und wir sind oft auf uns allein gestellt."
"Le stage est très formateur, on touche à des projets concrets, on apprend énormément sur le terrain et on sent que ça apporte une vraie expérience, mais il n’y a quasiment pas d’encadrement et on est souvent livré à soi-même.",encadrement,negative,"Das Praktikum ist sehr lehrreich, wir arbeiten an konkreten Projekten, wir lernen viel in der Praxis und haben das Gefühl, dass es echte Erfahrungen vermittelt, aber es gibt fast keine Betreuung und wir sind oft auf uns allein gestellt."
"Le jeu est vraiment immersif, les graphismes sont beaux, l’univers est cohérent et on a envie d’y passer du temps, mais après quelques heures on se rend compte que les missions se ressemblent et que la répétition devient lassante.",graphismes,positive,"Das Spiel ist wirklich immersiv, die Grafik ist wunderschön, das Universum ist stimmig und man möchte dort Zeit verbringen, aber nach ein paar Stunden merkt man, dass die Missionen ähnlich sind und die Wiederholungen langweilig werden."
"Le jeu est vraiment immersif, les graphismes sont beaux, l’univers est cohérent et on a envie d’y passer du temps, mais après quelques heures on se rend compte que les missions se ressemblent et que la répétition devient lassante.",variété,negative,"Das Spiel ist wirklich immersiv, die Grafik ist wunderschön, das Universum ist stimmig und man möchte dort Zeit verbringen, aber nach ein paar Stunden merkt man, dass die Missionen ähnlich sind und die Wiederholungen langweilig werden."
"Le café est excellent, les arômes sont riches, l’endroit est cosy et on a envie d’y rester pour discuter ou travailler, mais les prix sont tellement élevés que ça devient difficile d’y aller régulièrement.",qualité,positive,"Der Kaffee ist ausgezeichnet, die Aromen sind reichhaltig, der Ort ist gemütlich und man möchte dort bleiben, um sich zu unterhalten oder zu arbeiten, aber die Preise sind so hoch, dass es schwierig wird, regelmäßig dorthin zu gehen."
"Le café est excellent, les arômes sont riches, l’endroit est cosy et on a envie d’y rester pour discuter ou travailler, mais les prix sont tellement élevés que ça devient difficile d’y aller régulièrement.",prix,negative,"Der Kaffee ist ausgezeichnet, die Aromen sind reichhaltig, der Ort ist gemütlich und man möchte dort bleiben, um sich zu unterhalten oder zu arbeiten, aber die Preise sind so hoch, dass es schwierig wird, regelmäßig dorthin zu gehen."
"Le débat était intéressant, les intervenants avaient de vrais arguments et ça donnait matière à réflexion, mais l’absence de modération faisait que certains parlaient trop longtemps et que le sujet partait souvent dans tous les sens.",contenu,positive,"Die Debatte war interessant, die Redner hatten echte Argumente und gaben Anlass zum Nachdenken, aber die mangelnde Moderation führte dazu, dass einige zu lange sprachen und das Thema oft in alle Richtungen ging."
"Le débat était intéressant, les intervenants avaient de vrais arguments et ça donnait matière à réflexion, mais l’absence de modération faisait que certains parlaient trop longtemps et que le sujet partait souvent dans tous les sens.",modération,negative,"Die Debatte war interessant, die Redner hatten echte Argumente und gaben Anlass zum Nachdenken, aber die mangelnde Moderation führte dazu, dass einige zu lange sprachen und das Thema oft in alle Richtungen ging."
"La plateforme est vraiment utile, elle centralise tout, permet de gagner du temps et d’éviter beaucoup de tâches répétitives, mais dès qu’il y a un peu trop de monde connecté elle devient lente et peu réactive.",utilité,positive,"Die Plattform ist wirklich nützlich, sie zentralisiert alles, spart Zeit und vermeidet viele sich wiederholende Aufgaben, aber sobald ein paar Leute zu viel verbunden sind, wird sie langsam und reagiert nicht mehr sehr schnell."
"La plateforme est vraiment utile, elle centralise tout, permet de gagner du temps et d’éviter beaucoup de tâches répétitives, mais dès qu’il y a un peu trop de monde connecté elle devient lente et peu réactive.",performance,negative,"Die Plattform ist wirklich nützlich, sie zentralisiert alles, spart Zeit und vermeidet viele sich wiederholende Aufgaben, aber sobald ein paar Leute zu viel verbunden sind, wird sie langsam und reagiert nicht mehr sehr schnell."
"Le voyage était dépaysant, on a vu des paysages incroyables, découvert une autre culture et vécu des moments mémorables, mais le rythme était tellement intense qu’on est rentrés complètement épuisés.",expérience,positive,"Die Reise war exotisch, wir sahen unglaubliche Landschaften, entdeckten eine andere Kultur und erlebten unvergessliche Momente, aber das Tempo war so hoch, dass wir völlig erschöpft zurückkehrten."
"Le voyage était dépaysant, on a vu des paysages incroyables, découvert une autre culture et vécu des moments mémorables, mais le rythme était tellement intense qu’on est rentrés complètement épuisés.",fatigue,negative,"Die Reise war exotisch, wir sahen unglaubliche Landschaften, entdeckten eine andere Kultur und erlebten unvergessliche Momente, aber das Tempo war so hoch, dass wir völlig erschöpft zurückkehrten."
"Le livre est bien écrit, le style est fluide, certaines idées sont vraiment originales et on se laisse facilement porter par la narration, mais il y a beaucoup de passages trop longs qui cassent le rythme.",style,positive,"Das Buch ist gut geschrieben, der Stil ist flüssig, einige Ideen sind wirklich originell und wir lassen uns leicht von der Erzählung mitreißen, aber es gibt viele Passagen, die zu lang sind und den Rhythmus stören."
"Le livre est bien écrit, le style est fluide, certaines idées sont vraiment originales et on se laisse facilement porter par la narration, mais il y a beaucoup de passages trop longs qui cassent le rythme.",rythme,negative,"Das Buch ist gut geschrieben, der Stil ist flüssig, einige Ideen sind wirklich originell und wir lassen uns leicht von der Erzählung mitreißen, aber es gibt viele Passagen, die zu lang sind und den Rhythmus stören."
"Le service est rapide, les démarches sont simples, on obtient une réponse sans attendre des heures et tout semble bien huilé, mais le contact est tellement impersonnel qu’on a l’impression d’être juste un numéro.",rapidité,positive,"Der Service ist schnell, die Abläufe einfach, man erhält eine Antwort ohne stundenlanges Warten und alles scheint gut zu funktionieren, aber der Kontakt ist so unpersönlich, dass man das Gefühl hat, nur eine Nummer zu sein."
"Le service est rapide, les démarches sont simples, on obtient une réponse sans attendre des heures et tout semble bien huilé, mais le contact est tellement impersonnel qu’on a l’impression d’être juste un numéro.",relation client,negative,"Der Service ist schnell, die Abläufe einfach, man erhält eine Antwort ohne stundenlanges Warten und alles scheint gut zu funktionieren, aber der Kontakt ist so unpersönlich, dass man das Gefühl hat, nur eine Nummer zu sein."
"Le concert était intense, l’énergie du public était incroyable, on a vraiment vécu un moment fort et unique, mais la qualité du son était inégale et parfois on ne comprenait même plus les paroles.",ambiance,positive,"Das Konzert war intensiv, die Energie des Publikums war unglaublich, wir erlebten wirklich einen starken und einzigartigen Moment, aber die Tonqualität war ungleichmäßig und manchmal verstanden wir nicht einmal die Worte."
"Le concert était intense, l’énergie du public était incroyable, on a vraiment vécu un moment fort et unique, mais la qualité du son était inégale et parfois on ne comprenait même plus les paroles.",son,negative,"Das Konzert war intensiv, die Energie des Publikums war unglaublich, wir erlebten wirklich einen starken und einzigartigen Moment, aber die Tonqualität war ungleichmäßig und manchmal verstanden wir nicht einmal die Worte."
"Le produit est simple à utiliser, même sans notice on comprend vite comment ça fonctionne et c’est accessible à tout le monde, mais au moindre choc on sent qu’il est fragile et qu’il ne tiendra pas dans le temps.",simplicité,positive,"Das Produkt ist einfach zu verwenden, auch ohne Anleitung verstehen wir schnell, wie es funktioniert und es ist für jedermann zugänglich, aber bei der kleinsten Erschütterung haben wir das Gefühl, dass es zerbrechlich ist und nicht lange hält."
"Le produit est simple à utiliser, même sans notice on comprend vite comment ça fonctionne et c’est accessible à tout le monde, mais au moindre choc on sent qu’il est fragile et qu’il ne tiendra pas dans le temps.",solidité,negative,"Das Produkt ist einfach zu verwenden, auch ohne Anleitung verstehen wir schnell, wie es funktioniert und es ist für jedermann zugänglich, aber bei der kleinsten Erschütterung haben wir das Gefühl, dass es zerbrechlich ist und nicht lange hält."
"Le travail est intéressant, on touche à des sujets variés, on ne s’ennuie pas et on a le sentiment d’apprendre des choses utiles, mais malgré tout la reconnaissance est faible et les efforts ne sont pas vraiment valorisés.",intérêt,positive,"Die Arbeit ist interessant, wir berühren vielfältige Themen, langweilen uns nicht und haben das Gefühl, nützliche Dinge zu lernen, aber trotz allem ist die Anerkennung gering und die Anstrengungen werden nicht wirklich gewürdigt."
"Le travail est intéressant, on touche à des sujets variés, on ne s’ennuie pas et on a le sentiment d’apprendre des choses utiles, mais malgré tout la reconnaissance est faible et les efforts ne sont pas vraiment valorisés.",reconnaissance,negative,"Die Arbeit ist interessant, wir berühren vielfältige Themen, langweilen uns nicht und haben das Gefühl, nützliche Dinge zu lernen, aber trotz allem ist die Anerkennung gering und die Anstrengungen werden nicht wirklich gewürdigt."
"Le film est visuellement superbe, la réalisation est soignée, certaines scènes sont vraiment marquantes et esthétiques, mais l’histoire manque de profondeur et on a du mal à s’attacher aux personnages.",visuel,positive,"Der Film ist visuell großartig, die Produktion ist sorgfältig, einige Szenen sind wirklich beeindruckend und ästhetisch, aber der Geschichte fehlt es an Tiefe und es ist schwierig, sich an die Charaktere zu binden."
"Le film est visuellement superbe, la réalisation est soignée, certaines scènes sont vraiment marquantes et esthétiques, mais l’histoire manque de profondeur et on a du mal à s’attacher aux personnages.",scénario,negative,"Der Film ist visuell großartig, die Produktion ist sorgfältig, einige Szenen sind wirklich beeindruckend und ästhetisch, aber der Geschichte fehlt es an Tiefe und es ist schwierig, sich an die Charaktere zu binden."
"Le site est clair, les informations sont bien présentées, on trouve rapidement ce qu’on cherche et la navigation est agréable, mais les temps de chargement sont tellement longs que ça devient frustrant.",lisibilité,positive,"Die Seite ist übersichtlich, die Informationen sind gut aufbereitet, man findet schnell, was man sucht und die Navigation ist angenehm, allerdings sind die Ladezeiten so lang, dass es frustrierend wird."
"Le site est clair, les informations sont bien présentées, on trouve rapidement ce qu’on cherche et la navigation est agréable, mais les temps de chargement sont tellement longs que ça devient frustrant.",chargement,negative,"Die Seite ist übersichtlich, die Informationen sind gut aufbereitet, man findet schnell, was man sucht und die Navigation ist angenehm, allerdings sind die Ladezeiten so lang, dass es frustrierend wird."
"Le cours est structuré, logique, on comprend bien la progression et chaque notion s’enchaîne naturellement, mais le rythme est tellement lent que l’on finit parfois par décrocher.",organisation,positive,"Der Kurs ist strukturiert und logisch, wir verstehen den Ablauf gut und jedes Konzept fließt auf natürliche Weise ab, aber das Tempo ist so langsam, dass wir manchmal den Kurs abbrechen."
"Le cours est structuré, logique, on comprend bien la progression et chaque notion s’enchaîne naturellement, mais le rythme est tellement lent que l’on finit parfois par décrocher.",rythme,negative,"Der Kurs ist strukturiert und logisch, wir verstehen den Ablauf gut und jedes Konzept fließt auf natürliche Weise ab, aber das Tempo ist so langsam, dass wir manchmal den Kurs abbrechen."
"Le service est accueillant, les employés sont souriants, prennent le temps d’expliquer et donnent une bonne première impression, mais derrière l’organisation est chaotique et les erreurs sont fréquentes.",accueil,positive,"Der Service ist freundlich, die Mitarbeiter lächeln, nehmen sich Zeit für Erklärungen und hinterlassen einen guten ersten Eindruck, aber hinter den Kulissen ist die Organisation chaotisch und es passieren häufig Fehler."
"Le service est accueillant, les employés sont souriants, prennent le temps d’expliquer et donnent une bonne première impression, mais derrière l’organisation est chaotique et les erreurs sont fréquentes.",organisation,negative,"Der Service ist freundlich, die Mitarbeiter lächeln, nehmen sich Zeit für Erklärungen und hinterlassen einen guten ersten Eindruck, aber hinter den Kulissen ist die Organisation chaotisch und es passieren häufig Fehler."
"Le projet est ambitieux, il rassemble les équipes autour d’une vision commune, donne envie de s’investir et de construire quelque chose de solide, mais le financement est insuffisant et met tout en difficulté.",ambition,positive,"Das Projekt ist ehrgeizig, es bringt die Teams um eine gemeinsame Vision herum zusammen, weckt den Wunsch, zu investieren und etwas Solides aufzubauen, aber die Finanzierung reicht nicht aus und bringt alles in Schwierigkeiten."
"Le projet est ambitieux, il rassemble les équipes autour d’une vision commune, donne envie de s’investir et de construire quelque chose de solide, mais le financement est insuffisant et met tout en difficulté.",financement,negative,"Das Projekt ist ehrgeizig, es bringt die Teams um eine gemeinsame Vision herum zusammen, weckt den Wunsch, zu investieren und etwas Solides aufzubauen, aber die Finanzierung reicht nicht aus und bringt alles in Schwierigkeiten."
"La ville est dynamique, il y a toujours des événements, des expositions, des concerts et une vraie vie culturelle, mais au quotidien le bruit et le stress rendent la vie parfois pesante.",culture,positive,"Die Stadt ist dynamisch, es gibt immer Veranstaltungen, Ausstellungen, Konzerte und ein echtes Kulturleben, aber im Alltag machen Lärm und Stress das Leben manchmal schwer."
"La ville est dynamique, il y a toujours des événements, des expositions, des concerts et une vraie vie culturelle, mais au quotidien le bruit et le stress rendent la vie parfois pesante.",stress,negative,"Die Stadt ist dynamisch, es gibt immer Veranstaltungen, Ausstellungen, Konzerte und ein echtes Kulturleben, aber im Alltag machen Lärm und Stress das Leben manchmal schwer."
"Le restaurant est chaleureux, l’accueil est agréable, on se sent tout de suite à l’aise et l’ambiance est conviviale, mais le service est tellement lent que le repas finit par s’éterniser.",ambiance,positive,"Das Restaurant ist herzlich, der Empfang freundlich, man fühlt sich sofort wohl und die Atmosphäre ist freundlich, aber der Service ist so langsam, dass sich das Essen in die Länge zieht."
"Le restaurant est chaleureux, l’accueil est agréable, on se sent tout de suite à l’aise et l’ambiance est conviviale, mais le service est tellement lent que le repas finit par s’éterniser.",service,negative,"Das Restaurant ist herzlich, der Empfang freundlich, man fühlt sich sofort wohl und die Atmosphäre ist freundlich, aber der Service ist so langsam, dass sich das Essen in die Länge zieht."
"L’application est fluide, moderne, agréable à utiliser et donne vraiment l’impression d’un produit bien conçu, mais on sent qu’elle manque de sécurité et qu’elle n’est pas totalement fiable sur ce point.",ergonomie,positive,"Die Anwendung ist flüssig, modern, angenehm zu bedienen und macht wirklich den Eindruck eines gut gestalteten Produkts, wir sind jedoch der Meinung, dass es ihr an Sicherheit mangelt und sie in diesem Punkt nicht völlig zuverlässig ist."
"L’application est fluide, moderne, agréable à utiliser et donne vraiment l’impression d’un produit bien conçu, mais on sent qu’elle manque de sécurité et qu’elle n’est pas totalement fiable sur ce point.",sécurité,negative,"Die Anwendung ist flüssig, modern, angenehm zu bedienen und macht wirklich den Eindruck eines gut gestalteten Produkts, wir sind jedoch der Meinung, dass es ihr an Sicherheit mangelt und sie in diesem Punkt nicht völlig zuverlässig ist."
